"elapsed time [ms]","stats.allocated","stats.active","stats.mapped"
0.000000,414112,454656,17268736
1.000000,2017872,2338816,27627520
2.000000,2017920,2351104,27639808
3.000000,2017920,2351104,27639808
